,0
0,真摯
1,誠意
2,実直
3,不誠実
4,謙虚
5,誠心
6,愚直
7,責任感
8,ひたむき
9,生真面目
10,人間性
11,真面目
12,毅然
13,思い遣り
14,紳士的
15,高潔
16,人柄
17,勤勉
18,理性的
19,信念
20,人間的
21,人間味
22,率直
23,親身
24,善良
25,礼儀
26,心根
27,聡明
28,信頼
29,摯
30,思慮
31,正義感
32,努力家
33,公明正大
34,熱意
35,理知的
36,倫理観
37,態度
38,信頼関係
39,情け深い
40,知性的
41,努力
42,好青年
43,受け答え
44,貫き通す
45,真っ当
46,純真
47,情熱的
48,冷淡
49,不断
50,物腰
51,頼り甲斐
52,献身的
53,道徳的
54,内面的
55,向上心
56,温厚
57,慎み深い
58,尊重
59,打算的
60,打算
61,実行力
62,重んずる
63,揺るぎない
64,包容力
65,柔和
66,潔白
67,良識
68,美徳
69,公正
70,道義
71,清廉
72,横柄
73,模範的
74,気配り
75,朴訥
76,傲慢
77,好人物
78,道義的
79,従順
80,前向き
81,朗らか
82,几帳面
83,潔癖
84,不真面目
85,人格者
86,明朗
87,言動
88,粘り強い
89,知性
90,ぶっきらぼう
91,心打つ
92,冷静
93,堅実
94,客観性
95,品性
96,寛大
97,礼節
98,尊敬
99,表面的
100,信条
101,堅物
102,自己中心的
103,善意
104,本心
105,モットー
106,理路
107,冷徹
108,純朴
109,人当たり
110,矜持
111,はきはき
112,洞察力
113,嘘偽り
114,聞き上手
115,高圧的
116,心配り
117,寡黙
118,使命感
119,素直
120,信義
121,明快
122,品行
123,寛容
124,親切
125,資質
126,自然体
127,ビジネスライク
128,謙遜
129,向き合う
130,感情的
131,不遜
132,共感
133,表われ
134,尊厳
135,一途
136,私心
137,敬服
138,正々
139,責務
140,客観的
141,積極性
142,好感
143,気高い
144,卑屈
145,忍耐
146,利己的
147,偽り
148,慈しみ
149,気概
150,包容
151,狡賢い
152,自分本位
153,高邁
154,人望
155,不器用
156,心意気
157,慇懃
158,勝ち得る
159,受け答える
160,情熱
161,気遣い
162,狡猾
163,決断力
164,遜る
165,低姿勢
166,真情
167,建設的
168,言葉遣い
169,完璧主義
170,有能
171,独善的
172,親切心
173,八方美人
174,尊大
175,人格的
176,快活
177,的確
178,人類愛
179,物静か
180,律儀
181,希求
182,誇り
183,道徳性
184,健気
185,性善説
186,度量
187,自分勝手
188,思い遣る
189,真心
190,愛情
191,律する
192,忠誠心
193,事務的
194,理知
195,別け隔て
196,立ち振舞い
197,人情味
198,道徳心
199,物事
200,順守
201,見識
202,気さく
203,冷酷
204,無愛想
205,行動力
206,大らか
207,口下手
208,根底
209,優柔
210,真剣
211,軽薄
212,プロフェッショナリズム
213,高慢
214,純粋
215,丁寧
216,社会的責任
217,意志
218,良心
219,弁える
220,規範
221,ナイーブ
222,生き様
223,敬意
224,性格
225,雄弁
226,信頼感
227,全う
228,熱血漢
229,厳格
230,使命
231,奇麗事
232,踏み躙る
233,濃やか
234,軽はずみ
235,中立的
236,ユーモア
237,自負
238,好意的
239,人間像
240,気骨
241,崇高
242,対等
243,人となり
244,義心
245,熱心
246,身勝手
247,外交的
248,友情
249,倫理的
250,物分かり
251,奥床しい
252,理想主義
253,全身全霊
254,人徳
255,職責
256,軽んずる
257,自尊心
258,忍耐力
259,蔑ろ
260,立場
261,筋道
262,社交的
263,洞察
264,隠し事
265,確固
266,敏速
267,ロマンチシスト
268,不正直
269,軽率
270,熱情
271,法律家
272,公平
273,盲目的
274,信用
275,一所懸命
276,善人
277,心情
278,通い合う
279,気立て
280,協調性
281,気働き
282,慎み
283,独善
284,感服
285,傲岸
286,報いる
287,受け止める
288,現実主義
289,節度
290,行動規範
291,無神経
292,威圧的
293,楽天的
294,勇敢
295,正当
296,主体性
297,居丈高
298,一生懸命
299,糞真面目
